country_name,colony,gwcode,cowc,iso3c,frac_eth,frac_eth3,frac_lan,frac_lan3,frac_rel,frac_rel3,region,region7,religion,property_rights,government_integrity,judicial_effectiveness,tax_burden,government_spending,fiscal_health,business_freedom,labor_freedom,monetary_freedom,trade_freedom,investment_freedom,financial_freedom,union,gdppc,gdp,gini,school,pop,unemp,old,gdppc3,femalerep,pr,polity2,polity2_cat3,democ_bmr
United States of America,United Kingdom,2,2,USA,0.490111130469376,Medium,0.25137066389756013,Medium,0.8240782,High,Northern America,Western Europe and other developed countries,Christianity,81.3,78.1,75.1,65.3,55.9,53.3,84.4,91,80.1,87.1,80.0,70.0,10.3,54225,17662.3,41.5,13.4,324.5,4.4,50,High,19.4,No,8,Democracy,Democracy
Canada,United Kingdom,20,20,CAN,0.71242,High,0.5771839000000001,High,0.6957678,High,Northern America,Western Europe and other developed countries,Christianity,88.3,81.6,80.8,77.4,52.3,80.3,81.9,73.1,77.8,88.4,80.0,80.0,28.4,44018,1615.8,34,13.3,36.6,6.4,6.2,High,26.3,No,10,Democracy,Democracy
Bahamas,United Kingdom,31,31,BHS,0.422845142439737,Medium,0.18549349999999998,Low,0.6814594,High,Caribbean,Latin America and the Caribbean,Christianity,45.3,38.2,48.7,97.1,83.8,42.3,68.5,71.5,77.0,50.6,50.0,60.0,NA,27718,11,NA,11.1,0.4,12.6,0,High,NA,NA,NA,NA,Democracy
Cuba,Spain,40,40,CUB,0.5908,Medium,NA,NA,0.5059358,Medium,Caribbean,Latin America and the Caribbean,Christianity,32.4,41.8,10.0,51.3,0.0,81.2,20,20,66.0,64.5,10.0,10.0,81.4,NA,NA,NA,NA,NA,NA,NA,NA,48.9,No,-7,Autocracy,Non-Democracy
Haiti,France,41,41,HTI,0.09500000000000008,Low,NA,NA,0.4703656,Medium,Caribbean,Latin America and the Caribbean,Christianity,12.6,19.1,25.1,80.3,81.0,51.8,49.4,62.1,73.8,70.6,40.0,30.0,NA,1653,18.2,41.1,5.3,11,14,0.5,Low,2.5,No,5,Anocracy,Non-Democracy
Dominican Republic,Spain,42,42,DOM,0.4294000000000001,Medium,0.03947290000000003,Low,0.3118443,Medium,Caribbean,Latin America and the Caribbean,Christianity,56.1,30.9,25.3,84.6,90.2,90.1,52.8,56.2,76.7,77.0,75.0,40.0,11,14601,157.2,45.3,7.8,10.8,5.5,0.8,Medium,26.8,Yes,7,Democracy,Democracy
Jamaica,United Kingdom,51,51,JAM,0.4128940000000001,Medium,0.10980460000000003,Low,0.6159606,High,Caribbean,Latin America and the Caribbean,Christianity,58.0,38.2,61.5,81.0,77.5,79.9,78.9,73.7,79.5,75.3,80.0,50.0,NA,8194,23.7,NA,9.8,2.9,12.5,0.3,Medium,17.5,No,9,Democracy,Democracy
Trinidad and Tobago,United Kingdom,52,52,TTO,0.64753,High,0.12512020000000001,Low,0.7936096,High,Caribbean,Latin America and the Caribbean,Christianity,54.7,36.8,48.7,81.4,57.7,51.8,67.7,71.4,75.9,78.6,60.0,50.0,19.8,28763,39.4,NA,10.9,1.4,4.8,0.1,High,31,No,10,Democracy,Democracy
Barbados,United Kingdom,53,53,BRB,0.14234199999999986,Low,0.09263690000000002,Low,0.6934029,High,Caribbean,Latin America and the Caribbean,Christianity,55.5,34.3,33.0,74.0,39.0,0.0,69.6,67.7,83.7,62.2,75.0,60.0,NA,16978,4.9,NA,10.6,0.3,9.7,0,Medium,16.7,No,NA,NA,Democracy
Mexico,Spain,70,70,MEX,0.5418000000000001,Medium,0.151119,Low,0.1795571,Low,Central America,Latin America and the Caribbean,Christianity,58.1,30.0,38.7,74.9,76.7,66.8,70.7,57.9,78.8,80.0,70.0,60.0,12.5,17336,2239.2,43.4,8.6,129.2,3.5,8.9,Medium,42.6,Yes,8,Democracy,Democracy
Belize,United Kingdom,80,80,BLZ,0.70154,High,0.6302864,High,0.5812932,High,Central America,Latin America and the Caribbean,Christianity,43.5,35.0,48.7,81.3,68.6,60.5,62.7,53.6,79.6,70.1,50.0,50.0,9.1,7824,2.9,NA,10.5,0.4,7.6,0,Medium,NA,NA,NA,NA,Democracy
Guatemala,Spain,90,90,GTM,0.5122,Medium,0.45859269999999996,Medium,0.3753242,Medium,Central America,Latin America and the Caribbean,Christianity,45.0,27.5,27.8,79.2,94.8,93.5,58.7,48.2,79.4,87.0,65.0,50.0,2.6,7424,125.6,48.3,6.5,16.9,2.7,0.8,Medium,14,Yes,8,Democracy,Democracy
Honduras,Spain,91,91,HND,0.18669999999999998,Low,0.05528900000000003,Low,0.2357165,Low,Central America,Latin America and the Caribbean,Christianity,45.0,32.2,38.2,83.3,74.7,64.1,56.9,31.2,77.3,78.4,65.0,60.0,NA,4542,42.1,50,6.5,9.3,4.5,0.4,Low,25.8,Yes,5,Anocracy,Democracy
El Salvador,Spain,92,92,SLV,0.19779999999999998,Low,NA,NA,0.3558834,Medium,Central America,Latin America and the Caribbean,Christianity,45.3,31.7,35.4,79.0,85.9,74.7,57.3,54.5,79.2,86.5,80.0,60.0,19,7292,46.5,40,6.9,6.4,4.5,0.5,Medium,32.14,Yes,8,Democracy,Democracy
Nicaragua,Spain,93,93,NIC,0.48440000000000016,Medium,0.04731810000000003,Low,0.4290265,Medium,Central America,Latin America and the Caribbean,Christianity,31.1,27.4,15.9,77.2,80.8,96.1,59,55.6,71.2,81.0,65.0,50.0,5.3,5321,33.1,46.2,6.7,6.2,4.4,0.3,Low,45.7,Yes,6,Democracy,Democracy
Costa Rica,Spain,94,94,CRI,0.2368,Low,0.048911600000000055,Low,0.2409582,Low,Central America,Latin America and the Caribbean,Christianity,51.6,55.4,55.6,79.4,88.5,42.4,68.1,53.9,80.8,84.7,70.0,50.0,19.4,15525,76.2,48.7,8.8,4.9,8.5,0.5,Medium,35.1,Yes,10,Democracy,Democracy
Panama,Spain,95,95,PAN,0.5528,Medium,0.3873154,Medium,0.3337609,Medium,Central America,Latin America and the Caribbean,Christianity,61.1,40.9,21.5,85.2,83.1,84.9,74.4,43,78.4,77.8,75.0,70.0,11.9,22267,91.3,50.4,10.2,4.1,5.6,0.3,High,18.3,Yes,9,Democracy,Democracy
Colombia,Spain,100,100,COL,0.6014,Medium,0.019268199999999958,Low,0.1478351,Low,South America,Latin America and the Caribbean,Christianity,63.8,39.6,25.2,80.1,74.2,89.8,77.1,77.9,77.0,81.6,80.0,70.0,9.5,13255,650.4,50.8,8.3,49.1,9,3.8,Medium,18.7,Yes,7,Democracy,Democracy
Venezuela,Spain,101,101,VEN,0.49660000000000004,Medium,0.06858010000000003,Low,0.1350304,Low,South America,Latin America and the Caribbean,Christianity,6.8,11.6,10.3,72.5,51.5,15.2,39.7,28.5,16.8,60.7,0.0,10.0,0.2,16745,514.7,46.9,10.3,32,8.1,2.1,Medium,22.16,Yes,-3,Anocracy,Non-Democracy
Guyana,United Kingdom,110,110,GUY,0.6194979999999999,High,0.06880359999999996,Low,0.7875918,High,South America,Latin America and the Caribbean,Christianity,37.7,33.9,34.1,68.0,72.8,80.9,63.2,70.9,79.8,70.7,60.0,30.0,NA,7435,5.8,NA,8.4,0.8,11.8,0,Medium,31.9,Yes,7,Democracy,Democracy
Surinam,Netherlands,115,115,SUR,0.7332,High,0.33098970000000005,Medium,0.7909842,High,South America,Latin America and the Caribbean,Christianity,45.1,31.7,15.4,70.1,69.6,16.2,48.6,76.1,75.1,68.4,30.0,30.0,NA,13767,7.8,NA,8.5,0.6,8.1,0,Medium,25.49,Yes,5,Anocracy,Democracy
Ecuador,Spain,130,130,ECU,0.655,High,0.13081160000000003,Low,0.1417125,Low,South America,Latin America and the Caribbean,Christianity,38.7,33.9,22.3,79.1,46.1,56.4,55.4,47.3,67.7,69.7,35.0,40.0,NA,10582,175.9,45,8.7,16.6,4.9,1.2,Medium,38,Yes,5,Anocracy,Democracy
Peru,Spain,135,135,PER,0.656577,High,0.3358169,Medium,0.1987815,Low,South America,Latin America and the Caribbean,Christianity,58.3,38.8,28.2,80.3,85.1,98.4,69.4,62.8,83.3,87.1,75.0,60.0,5.7,12237,393.6,43.8,9.2,32.2,3.7,2.3,Medium,27.7,Yes,9,Democracy,Democracy
Brazil,Portugal,140,140,BRA,0.540836,Medium,0.04684429999999995,Low,0.6054302,High,South America,Latin America and the Caribbean,Christianity,55.0,33.4,49.7,70.1,53.1,22.8,61.3,52.3,67.0,69.4,50.0,50.0,18.9,14103,2951.7,51.3,7.8,209.3,12.9,17.9,Medium,10.7,Yes,8,Democracy,Democracy
Bolivia,Spain,145,145,BOL,0.7396250600865246,High,0.22398189999999996,Medium,0.2084686,Low,South America,Latin America and the Caribbean,Christianity,25.7,32.6,15.4,86.1,49.1,81.4,58.9,35.8,66.4,76.0,5.0,40.0,39.1,6886,76.1,44.6,8.9,11.1,3.1,0.7,Medium,53.1,Yes,7,Democracy,Democracy
Paraguay,Spain,150,150,PRY,0.16889999999999994,Low,0.5975007999999999,High,0.2122512,Low,South America,Latin America and the Caribbean,Christianity,38.2,32.6,23.3,96.2,83.0,95.1,62.4,28.5,78.3,76.6,75.0,60.0,6.7,8827,60.1,47.9,8.4,6.8,5.8,0.4,Medium,13.8,Yes,9,Democracy,Democracy
Chile,Spain,155,155,CHL,0.18614599999999992,Low,0.18707609999999997,Low,0.3841057,Medium,South America,Latin America and the Caribbean,Christianity,68.2,70.5,63.7,77.6,82.2,96.1,72.3,64.3,82.2,86.4,85.0,70.0,19.6,22767,411.1,47.7,10.3,18.1,7,2,High,15.8,Yes,10,Democracy,Democracy
Argentina,Spain,160,160,ARG,0.255,Low,0.06175419999999998,Low,0.2236207,Low,South America,Latin America and the Caribbean,Christianity,32.4,38.2,39.6,62.6,54.6,56.4,57.3,46.1,50.9,66.7,50.0,50.0,27.7,18934,838.2,42.4,9.9,44.3,8.7,5,Medium,38.9,Yes,9,Democracy,Democracy
Uruguay,Spain,165,165,URY,0.25040000000000007,Low,0.08172230000000003,Low,0.3548297,Medium,South America,Latin America and the Caribbean,Christianity,70.2,70.3,66.8,77.5,69.4,77.2,74.8,62.9,71.3,80.6,85.0,30.0,30.1,20551,71,39.7,8.7,3.5,8.1,0.5,High,20.2,Yes,10,Democracy,Democracy
United Kingdom,Never,200,200,GBR,0.12105899999999992,Low,0.053169299999999975,Low,0.6944025,High,Northern Europe,Western Europe and other developed countries,Christianity,93.8,78.3,93.0,65.1,41.9,40.4,89.9,72.8,85.0,87.0,90.0,80.0,23.5,39753,2624.6,33.2,12.9,66.2,4.3,12.3,High,32,No,10,Democracy,Democracy
Ireland,United Kingdom,205,205,IRL,0.12063499999999994,Low,0.03124210000000005,Low,0.1549789,Low,Northern Europe,Western Europe and other developed countries,Christianity,85.8,78.3,78.3,72.7,57.1,60.3,80.3,73.6,87.6,87.0,90.0,70.0,24.4,67335,324.1,31.9,12.5,4.8,6.4,0.7,High,22.2,Yes,10,Democracy,Democracy
Netherlands,Never,210,210,NLD,0.10537229031258763,Low,0.5142933000000001,Medium,0.7221826,High,Western Europe,Western Europe and other developed countries,Christianity,87.4,85.7,69.9,53.2,37.0,83.0,80.2,70.5,85.8,87.0,90.0,80.0,17.3,48473,830.5,29.3,12.2,17,4.9,3.2,High,36,Yes,10,Democracy,Democracy
Belgium,Netherlands,211,211,BEL,0.5554,Medium,0.5408843999999999,Medium,0.2126811,Low,Western Europe,Western Europe and other developed countries,Christianity,83.3,71.5,69.3,44.1,9.6,66.3,82,61.1,84.9,87.0,85.0,70.0,54.2,42659,485.1,27.7,11.8,11.4,7.4,2.1,High,38,Yes,8,Democracy,Democracy
Luxembourg,Netherlands,212,212,LUX,0.5302380000000001,Medium,0.6439541,High,0.091095400000000007,Low,Western Europe,Western Europe and other developed countries,Christianity,85.8,78.3,77.0,64.5,46.0,99.0,68.6,43.8,86.2,87.0,95.0,80.0,32,94278,56.5,31.2,12.1,0.6,5.7,0.1,High,28.3,Yes,10,Democracy,Democracy
France,Never,220,220,FRA,0.10321684080803145,Low,0.12209809999999999,Low,0.4028581,Medium,Western Europe,Western Europe and other developed countries,Christianity,85.0,69.7,72.7,47.6,2.0,57.0,78,44.1,81.6,82.0,70.0,70.0,7.9,38606,2591.2,32.7,11.5,65,9.7,12.8,High,39,No,9,Democracy,Democracy
Switzerland,Never,225,225,CHE,0.5314,Medium,0.544095,Medium,0.6083014,High,Western Europe,Western Europe and other developed countries,Christianity,86.9,80.3,77.6,70.9,67.5,95.8,76.8,72.2,84.4,90.0,85.0,90.0,15.7,57410,486,32.5,13.4,8.5,4.8,1.6,High,32.5,Yes,10,Democracy,Democracy
Spain,Never,230,230,ESP,0.4164629999999999,Medium,0.41321779999999997,Medium,0.4513643,Medium,Southern Europe,Western Europe and other developed countries,Christianity,71.2,57.2,53.9,62.5,41.4,26.9,66.9,55.3,85.5,87.0,85.0,70.0,13.9,34272,1596.1,36.2,9.8,46.4,17.4,9,High,39.1,Yes,10,Democracy,Democracy
Portugal,Never,235,235,PRT,0.046757369614512316,Low,0.01978049999999998,Low,0.143832,Low,Southern Europe,Western Europe and other developed countries,Christianity,73.3,59.0,68.9,59.8,25.1,32.1,86.4,43.4,85.9,87.0,70.0,60.0,16.3,27937,287.6,35.5,9.2,10.3,9,2.2,High,34.8,Yes,10,Democracy,Democracy
German Federal Republic,Never,260,255,DEU,0.16820200000000007,Low,0.1642306,Low,0.6571196,High,Western Europe,Western Europe and other developed countries,Christianity,82.9,77.7,79.5,61.9,41.4,89.9,86.6,42.8,85.9,87.0,80.0,70.0,17,45229,3740.2,31.7,14.1,82.1,3.7,17.6,High,31,Yes,10,Democracy,Democracy
Poland,Germany,290,290,POL,0.11833953418933477,Low,0.0468132,Low,0.1711816,Low,Eastern Europe,Eastern Europe and Central Asia,Christianity,60.8,55.5,58.0,76.0,46.9,76.1,67.8,61.5,84.7,87.0,75.0,70.0,12.1,27216,1033.6,31.8,12.3,38.2,5,6.4,High,28.04,Yes,10,Democracy,Democracy
Austria,Never,305,305,AUT,0.10677618231041257,Low,0.15218659999999995,Low,0.4146217,Medium,Western Europe,Western Europe and other developed countries,Christianity,86.0,75.2,81.8,50.3,19.3,79.7,76.9,67.6,83.4,87.0,90.0,70.0,26.9,45437,400.3,30.5,12.1,8.7,5.5,1.7,High,34.4,Yes,10,Democracy,Democracy
Hungary,Never,310,310,HUN,0.1522,Low,0.029665199999999947,Low,0.524375,Medium,Eastern Europe,Eastern Europe and Central Asia,Christianity,60.1,41.5,51.8,79.3,25.3,79.3,64,64.4,91.7,87.0,75.0,70.0,8.5,26778,261.9,30.4,11.9,9.7,4.3,1.8,High,10.1,Yes,10,Democracy,Democracy
Czech Republic,Austria-Hungary,316,316,CZE,0.3221639999999998,Low,0.32334300000000005,Medium,0.6590906,High,Eastern Europe,Eastern Europe and Central Asia,Nonreligious,70.3,55.9,55.9,82.9,45.3,92.0,67.2,77.7,85.8,87.0,80.0,80.0,10.5,32606,345.3,25.9,12.7,10.6,3.1,2,High,20,Yes,9,Democracy,Democracy
Slovakia,Austria-Hungary,317,317,SVK,0.2538959999999998,Low,0.25512310000000005,Medium,0.5654664,Medium,Eastern Europe,Eastern Europe and Central Asia,Christianity,69.0,39.6,38.0,79.7,47.2,82.9,64.9,54.4,81.1,87.0,75.0,70.0,11.2,30155,164,26.5,12.5,5.4,7.9,0.8,High,20,Yes,10,Democracy,Democracy
Italy/Sardinia,Never,325,325,ITA,0.11451900000000015,Low,0.11468230000000001,Low,0.3026566,Low,Southern Europe,Western Europe and other developed countries,Christianity,74.6,44.7,55.4,54.9,22.3,66.9,69.8,52.9,86.9,87.0,85.0,50.0,34.4,35220,2132.6,34.7,10.2,59.4,11.3,13.7,High,31,Yes,10,Democracy,Democracy
Malta,United Kingdom,338,338,MLT,0.04143221074438007,Low,0.09069099999999997,Low,0.1223239,Low,Southern Europe,Western Europe and other developed countries,Christianity,67.7,53.6,62.9,62.8,44.9,85.1,62.5,57.2,83.5,87.0,85.0,60.0,51.4,36513,17,29,11.3,0.4,4.3,0.1,High,11.9,Yes,NA,NA,Democracy
Albania,Turkey,339,339,ALB,0.220426,Low,0.03992479999999998,Low,0.4718516,Medium,Southern Europe,Western Europe and other developed countries,Islam,54.0,39.7,28.5,86.9,72.5,51.5,79.3,50.7,81.4,87.7,70.0,70.0,13.3,11803,33.9,29,10,2.9,13.9,0.4,Medium,27.9,Yes,9,Democracy,Democracy
Montenegro,Turkey,341,341,MNE,NA,NA,NA,NA,NA,NA,Southern Europe,Western Europe and other developed countries,Christianity,58.0,43.4,50.4,83.1,33.1,44.3,72,67.4,82.5,84.7,75.0,50.0,25.9,16409,10.2,31.9,11.3,0.6,16,0.1,Medium,23.5,Yes,8,Democracy,Democracy
Macedonia (Former Yugoslav Republic of),Turkey,343,343,MKD,0.5022579999999999,Medium,0.5020711,Medium,0.5899174,High,Southern Europe,Western Europe and other developed countries,Christianity,67.0,52.0,61.4,91.9,68.9,72.6,81.5,66.7,80.8,86.1,60.0,60.0,28,13111,27.3,35.6,9.6,2.1,23,0.3,Medium,38.3,Yes,9,Democracy,Democracy
Croatia,Austria-Hungary,344,344,HRV,0.36902599999999997,Medium,0.07628389999999996,Low,0.4447331,Medium,Southern Europe,Western Europe and other developed countries,Christianity,65.5,43.4,56.8,66.8,31.3,44.7,58.2,43.3,80.3,87.4,75.0,60.0,25.8,22670,93.5,30.8,11.3,4.2,10.8,0.8,High,18.5,Yes,9,Democracy,Democracy
Bosnia-Herzegovina,Turkey,346,346,BIH,0.630038,High,0.6751031000000001,High,0.6850857,High,Southern Europe,Western Europe and other developed countries,Christianity,41.2,32.7,40.0,83.5,33.7,89.3,47.4,59.3,84.0,86.6,65.0,60.0,30,11714,41.1,32.7,9.7,3.5,25.6,0.6,Medium,21.4,Yes,NA,NA,Democracy
Slovenia,Austria-Hungary,349,349,SVN,0.22164800000000007,Low,0.2201092,Medium,0.2867554,Low,Southern Europe,Western Europe and other developed countries,Christianity,75.0,53.6,55.1,58.7,28.6,6.1,80.6,60.2,85.3,87.0,70.0,50.0,26.9,31401,64.9,25.4,12.2,2.1,6.9,0.4,High,36.7,Yes,10,Democracy,Democracy
Greece,Turkey,350,350,GRC,0.15763009984791373,Low,0.02995150000000002,Low,0.1530306,Low,Southern Europe,Western Europe and other developed countries,Christianity,52.5,41.3,56.1,61.1,5.4,58.1,74.3,51,78.2,82.0,60.0,40.0,18.6,24574,264.4,36,10.8,11.2,21.4,2.3,High,18.3,Yes,10,Democracy,Democracy
Cyprus,United Kingdom,352,352,CYP,0.0938540000000001,Low,0.3961601,Medium,0.3961601,Medium,Western Asia,Middle East and North Africa,Christianity,75.4,53.6,60.7,73.0,48.8,72.9,75.8,58.6,83.3,87.0,75.0,50.0,47.7,32415,27.8,34,12.1,1.2,10.8,0.2,High,17.9,Yes,10,Democracy,Democracy
Bulgaria,Turkey,355,355,BGR,0.40211411441405753,Medium,0.30309129999999995,Medium,0.5965012,High,Eastern Europe,Eastern Europe and Central Asia,Christianity,62.5,41.8,38.9,91.0,58.4,86.4,66.7,68.3,83.3,87.0,70.0,60.0,13.7,18563,131.4,37.4,11.8,7.1,6.3,1.5,Medium,23.8,Yes,9,Democracy,Democracy
Moldova,Turkey,359,359,MDA,0.553478,Medium,0.5533224,High,0.560292,Medium,Eastern Europe,Eastern Europe and Central Asia,Christianity,49.6,28.6,23.9,86.1,54.8,90.6,65.9,38.9,72.0,80.0,55.0,50.0,23.9,5190,18.4,26.3,11.6,4.1,4.5,0.4,Low,22.8,Yes,9,Democracy,Democracy
Rumania,Turkey,360,360,ROU,0.30687025701674964,Low,0.17232780000000003,Low,0.2372561,Low,Eastern Europe,Eastern Europe and Central Asia,Christianity,63.9,45.9,58.5,87.4,65.3,90.9,65.9,62.5,83.6,87.0,75.0,50.0,25.2,23313,456.6,28.3,11,19.7,5.2,3.5,High,20.7,Yes,9,Democracy,Democracy
Russia (Soviet Union),Never,365,365,RUS,0.24517,Low,0.24851979999999996,Medium,0.439795,Medium,Eastern Europe,Eastern Europe and Central Asia,Christianity,47.6,38.2,44.5,81.8,61.5,93.4,74.8,50.8,57.3,75.2,30.0,30.0,30.5,24766,3636.7,37.7,12,144,5.2,20.4,High,15.8,Yes,4,Anocracy,Non-Democracy
Estonia,Russia,366,366,EST,0.50617,Medium,0.4944277,Medium,0.4984568,Medium,Northern Europe,Western Europe and other developed countries,Nonreligious,82.6,69.9,82.8,81.2,55.8,99.8,77,56.9,85.7,87.0,90.0,80.0,4.5,29481,38.8,32.7,12.7,1.3,6.8,0.3,High,26.7,Yes,9,Democracy,Democracy
Latvia,Russia,367,367,LVA,0.586668,Medium,0.5795139,High,0.555566,Medium,Northern Europe,Western Europe and other developed countries,Christianity,72.6,67.3,59.7,84.7,57.4,95.0,79.8,72,86.5,87.0,75.0,60.0,12.6,25064,48.6,34.2,12.8,1.9,9.1,0.4,High,16,Yes,8,Democracy,Democracy
Lithuania,Russia,368,368,LTU,0.32227000000000017,Medium,0.32191380000000003,Medium,0.4141271,Medium,Northern Europe,Western Europe and other developed countries,Christianity,73.0,69.7,62.4,86.9,64.1,93.6,79.1,63.6,90.0,87.0,70.0,70.0,7.7,29524,83.5,37.4,13,2.9,7.1,0.5,High,21.3,Yes,10,Democracy,Democracy
Ukraine,Russia,369,369,UKR,0.47367199999999987,Medium,0.4741077,Medium,0.6156578,High,Eastern Europe,Eastern Europe and Central Asia,Christianity,41.4,29.2,22.6,78.6,38.2,67.9,62.1,48.8,47.4,85.9,25.0,30.0,43.8,7894,335.4,25,11.3,44.2,9.5,7.3,Medium,12.3,Yes,4,Anocracy,Democracy
Belarus (Byelorussia),Russia,370,370,BLR,0.3221839999999999,Medium,0.46660670000000004,Medium,0.6116207,High,Eastern Europe,Eastern Europe and Central Asia,Christianity,50.9,37.6,56.3,89.8,48.7,92.8,71.3,74.6,60.4,80.6,30.0,10.0,NA,17168,163.2,27,12.3,9.5,0.5,1.4,Medium,34.5,No,-7,Autocracy,Non-Democracy
Armenia,Turkey,371,371,ARM,0.1271540000000001,Low,0.12905350000000004,Low,0.4575609,Medium,Western Asia,Middle East and North Africa,Christianity,55.5,43.4,42.5,83.7,81.7,82.9,78.5,72.4,72.8,80.2,80.0,70.0,32.2,8788,25.8,32.5,11.7,2.9,18.2,0.3,Medium,18.1,Yes,5,Anocracy,Non-Democracy
Georgia,Russia,372,372,GEO,0.4922740000000002,Medium,0.47485200000000005,Medium,0.6542991,High,Western Asia,Middle East and North Africa,Christianity,55.1,65.0,66.5,87.3,74.4,93.5,87.2,75.9,78.2,88.6,80.0,60.0,NA,9745,36.2,36.5,12.8,3.9,11.6,0.6,Medium,16,Yes,7,Democracy,Democracy
Azerbaijan,Russia,373,373,AZE,0.20467199999999997,Low,0.20539189999999996,Medium,0.4898947,Medium,Western Asia,Middle East and North Africa,Islam,50.5,37.6,33.0,87.7,57.5,97.4,71.5,75,73.6,74.4,55.0,50.0,NA,15847,156.3,16.6,10.7,9.8,5,0.6,Medium,16.8,No,-7,Autocracy,Non-Democracy
Finland,Never,375,375,FIN,0.13149730999999987,Low,0.14120750000000004,Low,0.2531044,Low,Northern Europe,Western Europe and other developed countries,Christianity,90.6,90.0,82.7,66.6,0.0,77.3,90.2,53.4,85.1,87.0,85.0,80.0,64.6,40586,223.7,27.1,12.4,5.5,8.7,1.2,High,42,Yes,10,Democracy,Democracy
Sweden,Never,380,380,SWE,0.05999364976527296,Low,0.19675600000000004,Low,0.2341923,Low,Northern Europe,Western Europe and other developed countries,Christianity,88.6,87.4,82.2,44.4,21.7,93.4,90.8,53.2,85.3,87.0,85.0,80.0,67,46949,472.7,29.2,12.4,9.9,6.8,2,High,43.6,Yes,10,Democracy,Democracy
Norway,Never,385,385,NOR,0.05860000000000004,Low,0.0673454,Low,0.2048005,Low,Northern Europe,Western Europe and other developed countries,Christianity,86.7,88.3,83.3,55.6,38.5,98.4,89.5,48.8,75.8,87.7,75.0,60.0,52.5,64800,342.3,27.5,12.6,5.3,4.2,0.9,High,41.4,Yes,10,Democracy,Democracy
Denmark,Never,390,390,DNK,0.08186000000000004,Low,0.10494650000000005,Low,0.2333039,Low,Northern Europe,Western Europe and other developed countries,Christianity,86.7,84.9,68.5,37.2,5.7,95.4,93.9,85.8,85.5,87.0,90.0,80.0,67.2,46683,269.3,28.2,12.6,5.7,5.9,1.1,High,37.4,Yes,10,Democracy,Democracy
Iceland,Never,395,395,ISL,0.07979599999999976,Low,0.08204089999999997,Low,0.1913265,Low,Northern Europe,Western Europe and other developed countries,Christianity,85.0,71.5,71.5,70.9,41.1,90.6,90.2,62.6,81.2,88.0,80.0,60.0,90.4,46483,15.9,25.6,12.4,0.3,2.9,0,High,38.1,Yes,NA,NA,Democracy
Cape Verde,Portugal,402,402,CPV,0.4174,Medium,NA,NA,0.0766164,Low,Western Africa,Africa,Christianity,42.6,41.8,50.2,78.3,70.7,1.2,65.5,43.2,86.7,68.2,75.0,60.0,NA,6223,3.4,47.2,6.1,0.5,10.3,0,Low,23.6,Yes,10,Democracy,Democracy
Guinea-Bissau,Portugal,404,404,GNB,0.808214,High,0.8141338,High,0.6128237,High,Western Africa,Africa,Other,33.8,28.7,48.7,89.0,87.5,75.3,46.7,60.9,77.7,65.2,30.0,30.0,NA,1549,2.9,50.7,3,1.9,6.1,0.1,Low,13.7,Yes,6,Democracy,Non-Democracy
Equatorial Guinea,Spain,411,411,GNQ,0.3467,Medium,0.3220486,Medium,0.1195111,Low,Middle Africa,Africa,Christianity,35.4,24.6,13.1,75.4,53.6,46.4,50.9,38.5,78.3,53.8,40.0,30.0,NA,22605,28.7,NA,5.5,1.3,6.9,0,High,20,Yes,-6,Autocracy,Non-Democracy
Gambia,United Kingdom,420,420,GMB,0.786402,High,0.8076314,High,0.0969684,Low,Western Africa,Africa,Islam,39.1,38.2,38.8,74.9,74.3,3.2,52.8,65.6,63.8,65.0,75.0,50.0,NA,1562,3.3,35.9,3.5,2.1,9.5,0,Low,10.3,No,4,Anocracy,Non-Democracy
Mali,France,432,432,MLI,0.6906,High,0.838758,High,0.1819978,Low,Western Africa,Africa,Islam,36.7,34.3,33.8,69.4,88.0,87.8,44.2,51.1,83.0,70.1,65.0,40.0,NA,2014,37.3,33,2.3,18.5,7.9,0.5,Low,8.8,No,5,Anocracy,Non-Democracy
Senegal,France,433,433,SEN,0.693884,High,0.6960835309107918,High,0.1497394,Low,Western Africa,Africa,Islam,44.0,42.1,39.3,70.9,74.3,51.8,50.8,38.9,86.0,73.1,60.0,40.0,22.4,2471,39.2,40.3,3,15.9,4.9,0.5,Low,43.3,Yes,7,Democracy,Democracy
Benin,France,434,434,BEN,0.787216,High,0.7905251,High,0.5543994,Medium,Western Africa,Africa,Christianity,36.0,31.3,29.4,68.6,85.9,71.3,51.9,52.4,85.4,68.7,80.0,50.0,NA,2064,23.1,47.8,3.6,11.2,2.5,0.4,Low,7.2,Yes,7,Democracy,Democracy
Mauritania,France,435,435,MRT,0.615,Medium,0.3259653,Medium,0.0148691,Low,Western Africa,Africa,Islam,22.5,29.2,13.8,81.2,73.2,77.1,64.4,57.4,81.9,62.3,50.0,40.0,NA,3598,15.9,32.6,4.5,4.4,10.2,0.1,Low,25.2,Yes,-2,Anocracy,Non-Democracy
Niger,France,436,436,NER,0.651762,High,0.6519471,High,0.2012649,Low,Western Africa,Africa,Islam,33.8,35.0,22.6,76.3,73.4,38.5,39.1,46.1,83.3,66.4,55.0,40.0,35.6,926,19.9,34.3,2,21.5,0.3,0.5,Low,16.7,Yes,5,Anocracy,Democracy
Cote Dâ€™Ivoire,France,437,437,CIV,0.8204240000000002,High,0.784203,High,0.7551077,High,Western Africa,Africa,Christianity,42.6,34.3,45.8,78.4,84.6,87.0,62.1,50.6,73.2,72.3,75.0,50.0,NA,3601,87.5,41.5,5.2,24.3,2.6,0.7,Low,10.6,No,4,Anocracy,Non-Democracy
Guinea,France,438,438,GIN,0.738942,High,0.7725216,High,0.2648523,Low,Western Africa,Africa,Islam,15.6,27.5,13.1,69.1,78.4,34.2,55.8,54.8,71.1,61.2,50.0,40.0,NA,2081,26.5,33.7,2.6,12.7,4.5,0.4,Low,21.9,Yes,4,Anocracy,Non-Democracy
Burkina Faso (Upper Volta),France,439,439,BFA,0.737738,High,0.7227772,High,0.5797988,Medium,Western Africa,Africa,Islam,38.2,31.7,28.4,82.6,82.5,88.4,46.4,53.3,84.6,69.2,70.0,40.0,NA,1703,32.7,35.3,1.5,19.2,6.3,0.5,Low,11,Yes,6,Democracy,Non-Democracy
Liberia,Never,450,450,LBR,0.908388,High,0.9037815,High,0.4883031,Medium,Western Africa,Africa,Christianity,33.6,31.4,41.0,83.6,60.1,36.2,53.1,48.5,71.8,60.1,50.0,20.0,NA,753,3.6,33.2,4.7,4.7,2.4,0.1,Low,12.3,No,6,Democracy,Democracy
Sierra Leone,United Kingdom,451,451,SLE,0.8190900000000002,High,0.7633926,High,0.5395406,Medium,Western Africa,Africa,Islam,37.4,18.9,27.0,81.3,90.2,76.2,49.6,29.7,71.1,69.4,60.0,20.0,41,1390,10.5,34,3.5,7.6,4.5,0.2,Low,12.4,No,7,Democracy,Democracy
Ghana,United Kingdom,452,452,GHA,0.673332,High,0.6730879000000001,High,0.7986752,High,Western Africa,Africa,Christianity,51.6,35.5,40.9,84.5,76.3,9.2,59.6,57.4,64.5,65.1,70.0,60.0,20.6,4228,121.9,42.4,7.1,28.8,2.4,1,Low,12.7,No,8,Democracy,Democracy
Togo,France,461,461,TGO,0.7099279999999999,High,0.8980154,High,0.6595591,High,Western Africa,Africa,Christianity,33.8,36.8,39.9,68.2,79.8,45.1,50.3,46.2,77.5,71.3,60.0,30.0,NA,1430,11.1,43.1,4.8,7.8,1.8,0.2,Low,17.6,Yes,-2,Anocracy,Non-Democracy
Cameroon,France,471,471,CMR,0.86349,High,0.8897894,High,0.7337534,High,Middle Africa,Africa,Christianity,43.5,17.4,29.6,75.4,84.4,60.9,44.3,47.8,80.1,53.4,35.0,50.0,6.9,3365,80.9,46.6,6.3,24.1,4.3,0.8,Low,31.1,Yes,-4,Anocracy,Non-Democracy
Nigeria,United Kingdom,475,475,NGA,0.85046,High,0.8503462852082981,High,0.7421445,High,Western Africa,Africa,Islam,35.3,12.2,33.2,85.2,95.2,87.2,48.9,73.9,71.3,62.3,40.0,40.0,NA,5338,1019,43,6.2,190.9,7,5.3,Low,5.56,No,7,Democracy,Democracy
Gabon,France,481,481,GAB,0.7689600000000001,High,0.7820833,High,0.6674408,High,Middle Africa,Africa,Christianity,35.9,37.6,26.7,77.0,81.0,96.1,50.6,58.4,83.0,61.8,55.0,40.0,NA,16562,33.5,42.2,8.2,2,19.6,0.1,Medium,17.1,No,3,Anocracy,Non-Democracy
Central African Republic,France,482,482,CAF,0.82951,High,0.8333870999999999,High,0.7916332,High,Middle Africa,Africa,Christianity,12.6,28.7,33.0,65.8,94.1,84.1,27.2,42.7,68.2,55.2,80.0,30.0,NA,661,3.1,56.2,4.3,4.7,6,0.2,Low,8.6,No,6,Democracy,Non-Democracy
Chad,France,483,483,TCD,0.8620160000000001,High,0.8635250999999999,High,0.6410788,High,Middle Africa,Africa,Islam,30.6,24.6,24.1,46.0,87.2,74.6,27.5,44.9,74.3,54.7,60.0,40.0,NA,1768,26.3,43.3,2.3,14.9,5.9,0.4,Low,14.9,Yes,-2,Anocracy,Non-Democracy
Congo,France,484,484,COG,0.874726,High,0.6871037,High,0.6642361,High,Middle Africa,Africa,Christianity,34.8,30.5,22.6,66.8,36.2,11.6,32.1,37.5,76.1,52.2,50.0,30.0,NA,4881,25.7,48.9,6.3,5.3,11,0.2,Low,11.3,No,-4,Anocracy,Non-Democracy
"Congo, Democratic Republic of (Zaire)",Belgium,490,490,COD,0.874726,High,0.8704723,High,0.702141,High,Middle Africa,Africa,Christianity,40.6,28.6,48.7,73.4,94.7,99.3,59.9,38.4,78.6,64.6,30.0,20.0,NA,808,65.7,42.1,6.8,81.3,3.7,2.5,Low,8.9,Yes,-3,Anocracy,Non-Democracy
Uganda,United Kingdom,500,500,UGA,0.930175,High,0.9226795,High,0.6332101,High,Eastern Africa,Africa,Christianity,39.3,28.7,34.6,73.7,91.0,78.1,42.4,84.6,80.3,78.3,60.0,40.0,1.5,1698,72.8,41,6.1,42.9,2.1,0.9,Low,34.3,No,-1,Anocracy,Non-Democracy
Kenya,United Kingdom,501,501,KEN,0.8588,High,0.8860157,High,0.776517,High,Eastern Africa,Africa,Christianity,45.1,24.7,42.7,78.5,77.9,14.4,50,62.4,73.8,67.2,55.0,50.0,NA,2993,148.8,48.5,6.5,49.7,11.5,1.3,Low,21.8,No,9,Democracy,Democracy
Tanzania/Tanganyika,United Kingdom,510,510,TZA,0.735296,High,0.8982635999999999,High,0.6334385,High,Eastern Africa,Africa,Christianity,33.8,29.2,28.8,80.3,89.5,76.6,50.1,64.3,69.6,76.0,55.0,50.0,24.3,2683,149.3,37.8,5.8,57.3,2.2,1.8,Low,37.2,No,3,Anocracy,Non-Democracy
Burundi,Belgium,516,516,BDI,0.2951440000000001,Low,0.2976615,Medium,0.5158263,Medium,Eastern Africa,Africa,Christianity,25.7,24.6,19.8,73.8,69.5,69.6,53.5,67.4,75.2,74.2,55.0,30.0,NA,702,7.6,38.6,3,10.9,1.6,0.3,Low,36.4,Yes,-1,Anocracy,Democracy
Rwanda,Belgium,517,517,RWA,0.32379999999999987,Medium,NA,NA,0.5065607,Medium,Eastern Africa,Africa,Christianity,64.4,45.9,68.8,79.8,77.3,83.3,59,81.8,80.0,70.3,60.0,40.0,NA,1854,22.6,50.4,4.1,12.2,1.3,0.4,Low,61.3,Yes,-3,Anocracy,Non-Democracy
Somalia,Italy,520,520,SOM,0.8117,High,0.03255560000000002,Low,0.0027548,Low,Eastern Africa,Africa,Islam,6.8,11.6,N/A,100.0,N/A,0.0,92.3,91.8,N/A,N/A,N/A,N/A,NA,NA,NA,NA,NA,NA,NA,NA,NA,1.2,Yes,5,Anocracy,Non-Democracy
Somalia,Italy,520,520,SOM,0.8117,High,0.03255560000000002,Low,0.0027548,Low,Eastern Africa,Africa,Islam,6.8,11.6,N/A,100.0,N/A,0.0,92.3,91.8,N/A,N/A,N/A,N/A,NA,NA,NA,NA,NA,NA,NA,NA,NA,24.4,Yes,5,Anocracy,Non-Democracy
Djibouti,France,522,522,DJI,0.796166,High,0.6558025000000001,High,0.0434568,Low,Eastern Africa,Africa,Islam,12.3,32.6,10.3,80.9,39.5,13.8,51.6,59,75.3,54.9,80.0,50.0,NA,NA,NA,44.1,4.1,1,5.8,0,NA,10.7,Yes,3,Anocracy,Non-Democracy
Ethiopia,Never,530,530,ETH,0.723472,High,0.8073233,High,0.624868,High,Eastern Africa,Africa,Christianity,32.6,37.6,29.6,77.1,90.3,86.5,50,57.2,65.7,65.1,20.0,20.0,9.6,1730,181.6,39.1,2.7,105,5.2,3.7,Low,38.8,No,NA,NA,NA
Eritrea,Italy,531,531,ERI,0.6524,High,0.6530491,High,0.4253191,Medium,Eastern Africa,Africa,Christianity,36.4,27.5,10.3,81.3,74.7,0.0,56.7,69.7,61.0,69.2,0.0,20.0,NA,NA,NA,NA,4,5.1,6.4,0.2,NA,22,No,-7,Autocracy,Non-Democracy
Angola,Portugal,540,540,AGO,0.78672,High,0.7870192,High,0.6276435,High,Middle Africa,Africa,Christianity,36.4,12.8,19.8,87.7,58.6,70.7,58.5,40.4,70.6,56.7,30.0,40.0,NA,5819,173.3,42.7,5.1,29.8,8.2,0.7,Low,38.2,Yes,-2,Anocracy,Non-Democracy
Mozambique,Portugal,541,541,MOZ,0.693216,High,0.8124972,High,0.675908,High,Eastern Africa,Africa,Christianity,40.6,30.9,32.4,73.2,58.2,22.7,58.8,41,79.9,76.7,35.0,50.0,NA,1136,33.7,54,3.5,29.7,25,0.9,Low,39.6,Yes,5,Anocracy,Non-Democracy
Zambia,United Kingdom,551,551,ZMB,0.7808,High,0.8734083,High,0.7358689,High,Eastern Africa,Africa,Christianity,49.6,35.0,39.8,73.1,81.6,21.6,66.6,48.2,70.7,78.3,55.0,50.0,25.9,3689,63.1,57.1,7,17.1,7.8,0.4,Low,18,No,6,Democracy,Democracy
Zimbabwe (Rhodesia),United Kingdom,552,552,ZWE,0.3874,Medium,0.44722680000000004,Medium,0.736274,High,Eastern Africa,Africa,Christianity,27.3,14.7,26.1,61.1,75.2,90.6,36.2,33.1,76.5,52.8,25.0,10.0,7.5,1900,31.4,43.2,8.2,16.5,5.2,0.5,Low,32.6,No,4,Anocracy,Non-Democracy
Malawi,United Kingdom,553,553,MWI,0.6744,High,0.6023255000000001,High,0.8191763,High,Eastern Africa,Africa,Christianity,36.0,31.3,44.2,79.1,69.8,33.5,45.3,56.9,54.7,70.5,55.0,50.0,5.5,1095,20.4,45.5,4.5,18.6,6,0.6,Low,16.7,No,6,Democracy,Democracy
South Africa,United Kingdom,560,560,ZAF,0.7517428724324049,High,0.86524,High,0.8602599,High,Southern Africa,Africa,Christianity,67.6,47.6,59.7,70.2,68.4,70.0,62,58.9,75.8,77.3,40.0,50.0,28.1,12295,697.3,63,10.1,56.7,27.7,3,Medium,41.8,Yes,9,Democracy,Democracy
Namibia,United Kingdom,565,565,NAM,0.6329039999999999,High,0.7005488,High,0.6626102,High,Southern Africa,Africa,Christianity,53.8,41.3,50.6,65.2,55.6,66.4,67.6,84.4,77.2,83.5,65.0,40.0,17.5,9542,24.2,61,6.8,2.5,23.3,0.1,Medium,41.4,Yes,6,Democracy,Non-Democracy
Lesotho,United Kingdom,570,570,LSO,0.255,Low,0.25434540000000005,Medium,0.721111,High,Southern Africa,Africa,Christianity,51.6,39.6,50.9,55.7,0.0,92.2,52.2,57.7,76.4,80.2,50.0,40.0,5.8,2851,6.4,54.2,6.3,2.2,27.3,0.1,Low,22.9,Yes,8,Democracy,Democracy
Botswana,United Kingdom,571,571,BWA,0.41024800000000006,Medium,0.41097269999999997,Medium,0.5986193,High,Southern Africa,Africa,Christianity,58.1,57.6,54.0,77.1,61.2,99.4,68.8,68.6,77.9,83.8,65.0,70.0,NA,15807,36.2,60.5,9.3,2.3,18.1,0.1,Medium,9.5,No,8,Democracy,Democracy
Swaziland,United Kingdom,572,572,SWZ,0.05820000000000003,Low,0.17224209999999995,Low,0.4444444,Medium,Southern Africa,Africa,Christianity,NA,NA,NA,NA,NA,NA,NA,NA,NA,NA,NA,NA,NA,NA,NA,NA,NA,NA,NA,NA,NA,6.2,No,-9,Autocracy,Non-Democracy
Madagascar (Malagasy),France,580,580,MDG,0.8791000000000001,High,0.020432000000000006,Low,0.5190879,Medium,Eastern Africa,Africa,Christianity,34.8,25.0,21.4,91.0,93.2,79.8,43.3,43.8,73.3,78.0,55.0,50.0,NA,1416,36.2,42.6,6.1,25.6,1.8,0.7,Low,19.2,Yes,6,Democracy,Non-Democracy
Madagascar,France,580,580,MDG,0.8791000000000001,High,0.020432000000000006,Low,0.5190879,Medium,Eastern Africa,Africa,Christianity,34.8,25.0,21.4,91.0,93.2,79.8,43.3,43.8,73.3,78.0,55.0,50.0,NA,1416,36.2,42.6,6.1,25.6,1.8,0.7,Low,19.2,Yes,6,Democracy,Non-Democracy
Comoros,France,581,581,COM,0,Low,0.010291300000000003,Low,0.0137451,Low,Eastern Africa,Africa,Islam,37.3,30.0,22.6,64.6,81.2,98.6,58.5,50.6,81.5,70.2,45.0,30.0,NA,1414,1.2,45.3,4.8,0.8,4.3,0,Low,6.1,No,9,Democracy,Democracy
Mauritius,France,590,590,MUS,0.4633999999999999,Medium,0.45467219999999997,Medium,0.6384659,High,Eastern Africa,Africa,Hinduism,64.4,44.3,72.6,92.0,81.5,74.9,78.2,68.8,81.1,88.7,80.0,70.0,28.1,20293,25.7,35.8,9.3,1.3,7.2,0.1,Medium,11.6,No,10,Democracy,Democracy
Morocco,France,600,600,MAR,0.48405717924597985,Medium,0.468344,Medium,0.0034627,Low,Northern Africa,Middle East and North Africa,Islam,55.0,37.1,41.9,71.7,69.4,55.0,67.7,33.8,82.7,84.0,70.0,70.0,NA,7485,271.6,40.7,5.5,35.7,9.3,2.4,Medium,20.5,Yes,-4,Anocracy,Non-Democracy
Algeria,France,615,615,DZA,0.3393999999999998,Medium,0.44266190000000005,Medium,0.0091285,Low,Northern Africa,Middle East and North Africa,Islam,38.2,31.7,29.6,81.1,51.0,19.8,62.1,49.5,67.0,63.3,35.0,30.0,NA,13914,574.9,27.6,8,41.3,10,2.6,Medium,25.8,Yes,2,Anocracy,Non-Democracy
Tunisia,Turkey,616,616,TUN,0.0394000000000001,Low,0.012422000000000044,Low,0.0103731,Low,Northern Africa,Middle East and North Africa,Islam,49.6,37.3,39.9,73.7,73.4,53.4,80.6,56.1,75.9,63.8,35.0,30.0,20.4,10849,125.1,35.8,7.2,11.5,15.2,0.9,Medium,31.3,Yes,7,Democracy,Democracy
Libya,Turkey,620,620,LBY,0.79203,High,0.07578870000000004,Low,0.0569851,Low,Northern Africa,Middle East and North Africa,Islam,6.8,26.7,22.6,95.0,0.0,11.4,65,52.5,69.2,80.0,N/A,N/A,NA,17882,114,NA,7.3,6.4,17.7,0.3,Medium,16,Yes,0,Anocracy,Non-Democracy
Sudan,United Kingdom,625,625,SDN,0.714712,High,0.7189638,High,0.4307163,Medium,Northern Africa,Middle East and North Africa,Islam,31.1,18.9,19.8,86.5,95.1,85.5,53.9,49.7,59.3,50.5,15.0,20.0,NA,4467,181,35.4,3.7,40.5,12.8,1.4,Low,30.5,Yes,NA,NA,NA
South Sudan,United Kingdom,626,626,SSD,NA,NA,NA,NA,NA,NA,Northern Africa,Middle East and North Africa,NA,NA,NA,NA,NA,NA,NA,NA,NA,NA,NA,NA,NA,NA,1570,19.2,46.3,4.8,12.6,11.5,0.4,Low,28.5,NA,-4,Anocracy,Non-Democracy
Iran (Persia),Never,630,630,IRN,0.6683999999999999,High,0.7462229,High,0.1151954,Low,Southern Asia,South Asia,Islam,32.4,29.6,36.0,81.1,92.7,94.9,64.8,54.5,55.5,54.5,0.0,10.0,NA,19083,1548.8,38.8,9.8,81.2,13.1,4.4,Medium,5.9,No,-7,Autocracy,Non-Democracy
Turkey (Ottoman Empire),Never,640,640,TUR,0.32,Low,0.22163390000000005,Medium,0.0048609,Low,Western Asia,Middle East and North Africa,Islam,61.3,40.7,52.5,75.5,57.7,95.7,64.3,48.5,72.2,79.4,75.0,60.0,8.2,25129,2029.1,41.9,8,80.7,11.3,6.6,High,14.6,Yes,-4,Anocracy,Democracy
Iraq,Turkey,645,645,IRQ,0.3689100000000002,Medium,0.36944730000000003,Medium,0.4843678,Medium,Western Asia,Middle East and North Africa,Islam,37.3,19.1,15.9,N/A,36.1,11.3,61.2,68,76.9,N/A,N/A,N/A,NA,15664,599.5,29.5,6.8,38.3,8.2,1.2,Medium,25.3,Yes,6,Democracy,Non-Democracy
Egypt,Turkey,651,651,EGY,0.18359199999999998,Low,0.023699000000000026,Low,0.19788,Low,Northern Africa,Middle East and North Africa,Islam,35.4,32.7,56.3,86.1,63.0,4.6,66.8,51.3,69.6,70.2,55.0,40.0,43.2,10550,1029.2,31.8,7.2,97.6,12.1,5,Medium,14.9,No,-4,Anocracy,Non-Democracy
Syria,Turkey,652,652,SYR,0.539922,Medium,0.1816702,Low,0.4309792,Medium,Western Asia,Middle East and North Africa,Islam,37.3,30.0,22.6,N/A,N/A,0.0,66.4,55.7,N/A,56.6,N/A,N/A,NA,NA,NA,NA,NA,NA,NA,NA,NA,13.2,No,-9,Autocracy,Non-Democracy
Lebanon,Turkey,660,660,LBN,0.13139999999999985,Low,0.13122250000000002,Low,0.7886458,High,Western Asia,Middle East and North Africa,Islam,43.8,23.3,25.3,91.8,76.1,0.0,51.5,49.5,78.4,84.4,65.0,50.0,NA,13368,81.3,31.8,8.7,6.1,6.3,0.5,Medium,3.1,Yes,6,Democracy,Non-Democracy
Jordan,Turkey,663,663,JOR,0.5926,Medium,0.03955580000000003,Low,0.0659424,Low,Western Asia,Middle East and North Africa,Islam,60.1,49.8,49.5,91.3,73.3,55.5,63.9,58.1,86.7,82.0,70.0,60.0,NA,8337,80.9,33.7,10.4,9.7,14.9,0.4,Medium,15.4,Yes,-3,Anocracy,Non-Democracy
Israel,Turkey,666,666,ISR,0.3435937226940686,Medium,0.5524736,High,0.3468543,Medium,Western Asia,Middle East and North Africa,Judaism,71.9,47.6,82.0,61.0,50.5,71.8,69.9,64.3,84.9,88.0,75.0,70.0,28,33132,288.7,41.4,13,8.3,4.3,1,High,27.5,Yes,6,Democracy,Democracy
Saudi Arabia,Turkey,670,670,SAU,0.18,Low,0.09491830000000001,Low,0.1270445,Low,Western Asia,Middle East and North Africa,Islam,62.0,45.9,65.0,99.7,54.5,65.7,73.8,68.5,70.1,78.2,40.0,50.0,NA,49045,1615.5,NA,9.5,32.9,5.7,1.1,High,19.9,NA,-10,Autocracy,Non-Democracy
Yemen (Arab Republic of Yemen),Turkey,678,678,YEM,NA,NA,NA,NA,NA,NA,Western Asia,Middle East and North Africa,NA,NA,NA,NA,NA,NA,NA,NA,NA,NA,NA,NA,NA,NA,NA,NA,NA,NA,NA,NA,NA,NA,NA,NA,NA,NA,NA
Kuwait,United Kingdom,690,690,KWT,0.6604,High,0.3444357,Medium,0.674472,High,Western Asia,Middle East and North Africa,Islam,55.5,41.3,56.4,97.7,40.8,99.8,61.2,61.5,73.6,78.7,55.0,60.0,NA,65531,271.1,NA,7.3,4.1,2.1,0.1,High,3.1,No,-7,Autocracy,Non-Democracy
Bahrain,United Kingdom,692,692,BHR,0.5021300000000001,Medium,0.4343625,Medium,0.5528251,Medium,Western Asia,Middle East and North Africa,Islam,64.2,55.5,53.7,99.9,69.8,12.0,69.4,78.7,80.7,82.8,75.0,80.0,NA,43291,64.6,NA,9.4,1.5,1.3,0,High,7.5,No,-10,Autocracy,Non-Democracy
Qatar,United Kingdom,694,694,QAT,0.7456,High,0.48,Medium,0.095,Low,Western Asia,Middle East and North Africa,Islam,74.8,59.0,63.0,99.6,71.2,97.4,68.1,65.4,80.6,83.1,55.0,60.0,NA,116936,308.6,NA,9.8,2.6,0.2,0,High,0,NA,-10,Autocracy,Non-Democracy
United Arab Emirates,United Kingdom,696,696,ARE,0.6252,High,0.4873689,Medium,0.3310381,Medium,Western Asia,Middle East and North Africa,Islam,76.7,74.2,85.0,96.4,67.4,99.2,81.1,80.9,78.4,83.5,40.0,60.0,NA,67293,632.6,NA,10.8,9.4,1.7,0.1,High,22.5,No,-8,Autocracy,Non-Democracy
Oman,Portugal,698,698,OMN,0.4372560000000001,Medium,0.3567431,Medium,0.4321768,Medium,Western Asia,Middle East and North Africa,Islam,60.8,47.6,52.3,98.5,20.5,36.3,68.4,70.3,80.6,85.2,65.0,60.0,NA,37961,176,NA,9.5,4.6,16,0.1,High,1.2,No,-8,Autocracy,Non-Democracy
Afghanistan,United Kingdom,700,700,AFG,0.7693445845406846,High,0.6141462,High,0.2716839,Low,Southern Asia,South Asia,Islam,12.6,27.5,28.4,91.6,79.9,97.3,54.2,59.9,69.3,66.0,0.0,0.0,NA,1804,64.1,NA,3.8,35.5,8.8,0.9,Low,27.7,No,-1,Anocracy,Non-Democracy
Turkmenistan,Russia,701,701,TKM,0.3918340000000001,Medium,0.3983544,Medium,0.232719,Low,Central Asia,Eastern Europe and Central Asia,Islam,32.4,29.6,5.0,95.3,92.3,98.9,30,20,74.8,80.0,0.0,10.0,NA,16389,94.4,NA,9.8,5.8,3.4,0.2,Medium,25.8,No,-8,Autocracy,Non-Democracy
Tajikistan,Russia,702,702,TJK,0.510718,Medium,0.5473368000000001,Medium,0.3385717,Medium,Central Asia,Eastern Europe and Central Asia,Islam,45.5,32.7,45.6,90.9,74.1,95.8,65.6,49.2,69.8,73.9,25.0,30.0,NA,2897,25.8,34,10.4,8.9,10.3,0.3,Low,19.1,Yes,-3,Anocracy,Non-Democracy
Kyrgyz Republic,Russia,703,703,KGZ,0.675182,High,0.5949289,High,0.4469888,Medium,Central Asia,Eastern Europe and Central Asia,Islam,50.9,30.3,17.2,93.7,55.2,78.9,73.7,79.8,68.5,75.3,60.0,50.0,NA,3393,21,26.8,10.9,6,7.3,0.3,Low,19.2,Yes,8,Democracy,Non-Democracy
Uzbekistan,Russia,704,704,UZB,0.41251399999999994,Medium,0.4119866,Medium,0.2132638,Low,Central Asia,Eastern Europe and Central Asia,Islam,48.0,27.5,41.9,90.7,66.2,99.8,64.8,50.4,61.1,66.8,0.0,10.0,NA,6253,202.5,NA,11.5,31.9,7.2,1.4,Low,16,No,-9,Autocracy,Non-Democracy
Kazakhstan,Russia,705,705,KAZ,0.617122,Medium,0.6620897,High,0.5898463,High,Central Asia,Eastern Europe and Central Asia,Islam,56.1,38.0,56.5,93.3,85.7,98.9,74.5,82.5,73.9,78.5,40.0,50.0,49.2,24056,433.9,26.9,11.8,18.2,4.9,1.3,High,27.1,Yes,-6,Autocracy,Non-Democracy
China,Never,710,710,CHN,0.15379034000000014,Low,0.13269770000000003,Low,0.6642963,High,Eastern Asia,East Asia and the Pacific,Other,48.3,41.6,60.7,70.0,73.0,92.5,53.9,63.4,71.8,73.6,20.0,20.0,44.9,15309,21223.9,42.2,7.8,1409.5,4.7,150,Medium,23,NA,-7,Autocracy,Non-Democracy
Mongolia,China,712,712,MNG,0.36822400000000033,Medium,0.37342790000000003,Medium,0.0798612,Low,Eastern Asia,East Asia and the Pacific,Budhism,51.3,36.8,28.4,87.1,57.6,0.0,67.2,76.6,72.3,74.9,45.0,60.0,NA,11841,36.4,32.3,10.1,3.1,7,0.1,Medium,17.1,No,10,Democracy,Democracy
Taiwan,Never,713,713,TWN,0.2744000000000002,Low,0.5027927,Medium,0.6844943,High,Eastern Asia,East Asia and the Pacific,Other,86.5,70.5,67.7,75.3,89.5,83.7,93.4,55,85.2,86.2,65.0,60.0,39.3,NA,NA,NA,NA,NA,NA,NA,NA,33,Yes,10,Democracy,Democracy
"Korea, People's Republic of",Japan,731,731,PRK,0.039200000000000124,Low,0.0027637000000000356,Low,0.4891185,Medium,Eastern Asia,East Asia and the Pacific,Nonreligious,32.4,11.6,5.0,0.0,0.0,0.0,5,5,0.0,0.0,0.0,0.0,NA,NA,NA,NA,NA,NA,NA,NA,NA,16.3,No,-10,Autocracy,Non-Democracy
"Korea, Republic of",Japan,732,732,KOR,0.0019979999999997222,Low,0.0021132000000000373,Low,0.6603648,High,Eastern Asia,East Asia and the Pacific,Nonreligious,77.8,67.3,59.9,73.7,68.9,97.4,90.6,57,84.0,79.5,65.0,70.0,10.1,35938,1849.6,31.6,12.1,51,3.8,7.1,High,17,Yes,8,Democracy,Democracy
Japan,Never,740,740,JPN,0.011927999999999717,Low,0.0177716,Low,0.5406345,Medium,Eastern Asia,East Asia and the Pacific,Other,89.4,86.1,73.8,68.5,52.3,9.5,82.3,77.5,83.0,82.6,70.0,60.0,17.3,39002,4944.9,32.1,12.8,127.5,2.8,34.5,High,9.3,Yes,10,Democracy,Democracy
India,United Kingdom,750,750,IND,0.4182,Medium,0.8069049,High,0.3260226,Medium,Southern Asia,South Asia,Hinduism,55.4,44.3,44.4,77.2,77.4,11.0,52.8,41.6,75.0,72.6,40.0,40.0,12.8,6427,8606.5,35.1,6.4,1339.2,3.5,80.2,Medium,11.8,No,9,Democracy,Democracy
Bhutan,United Kingdom,760,760,BTN,0.605,Medium,0.6056015,High,0.3787035,Medium,Southern Asia,South Asia,Budhism,60.1,44.7,50.7,83.1,73.6,61.7,72.6,77.6,67.1,60.0,20.0,30.0,NA,8709,7,38.8,3.1,0.8,2.4,0,Medium,8.5,No,5,Anocracy,Non-Democracy
Pakistan,United Kingdom,770,770,PAK,0.7097999999999999,High,0.7190371,High,0.3848287,Medium,Southern Asia,South Asia,Islam,36.4,30.5,34.1,78.9,87.3,30.8,61.2,37.8,74.8,67.2,55.0,40.0,5.6,5035,991.9,30.7,5.2,197,4,8.9,Low,20.6,No,7,Democracy,Democracy
Bangladesh,United Kingdom,771,771,BGD,0.045433999999999974,Low,0.09248520000000005,Low,0.2090498,Low,Southern Asia,South Asia,Islam,34.9,19.1,26.0,72.8,94.0,78.7,53.4,68.7,68.6,63.6,50.0,30.0,NA,3524,580.3,32.4,5.8,164.7,4.4,8.4,Low,20.3,No,1,Anocracy,Non-Democracy
Myanmar (Burma),United Kingdom,775,775,MMR,0.5061860000000001,Medium,0.5072459,Medium,0.1973855,Low,South-Eastern Asia,South Asia,Budhism,23.0,29.6,12.9,86.2,81.5,89.9,50.1,77.1,65.4,74.2,20.0,20.0,1,5592,298.4,38.1,4.9,53.4,0.8,3.1,Low,10.2,No,8,Democracy,Non-Democracy
Sri Lanka (Ceylon),United Kingdom,780,780,LKA,0.415,Medium,0.4644557,Medium,0.4852962,Medium,Southern Asia,South Asia,Budhism,48.0,30.0,48.3,85.3,90.2,31.2,72.8,57.5,76.0,74.5,35.0,40.0,15.3,11669,250.2,39.8,10.9,20.9,4.1,2.1,Medium,5.8,Yes,6,Democracy,Non-Democracy
Maldives,United Kingdom,781,781,MDV,NA,NA,NA,NA,NA,NA,Southern Asia,South Asia,Islam,45.1,31.4,33.0,93.0,51.5,9.4,80.6,70.4,76.3,47.8,35.0,30.0,NA,15184,6.6,38.4,6.3,0.4,5,0,Medium,5.9,No,NA,NA,Non-Democracy
Nepal,Never,790,790,NPL,0.663222,High,0.7166870000000001,High,0.1416818,Low,Southern Asia,South Asia,Hinduism,37.3,26.7,32.0,84.9,89.5,98.4,64.6,47.6,72.2,68.1,10.0,30.0,NA,2443,71.6,32.8,4.9,29.3,2.7,1.7,Low,29.6,Yes,6,Democracy,Democracy
Thailand,Never,800,800,THA,0.6338239999999999,High,0.634444,High,0.099422,Low,South-Eastern Asia,South Asia,Budhism,51.3,40.7,41.7,81.0,85.3,96.3,69.9,62.8,72.9,82.8,50.0,60.0,3.5,16278,1123.8,37.8,7.6,69,1.1,7.9,Medium,4.8,Yes,-3,Anocracy,Non-Democracy
Cambodia (Kampuchea),France,811,811,KHM,0.2104640000000001,Low,0.21043940000000005,Medium,0.0964534,Low,South-Eastern Asia,South Asia,Budhism,42.4,12.8,22.1,90.2,88.1,95.7,29.6,62,81.0,80.3,60.0,50.0,9.6,3645,58.3,NA,4.8,16,0.2,0.7,Low,20.3,Yes,-4,Anocracy,Non-Democracy
Laos,France,812,812,LAO,0.513862,Medium,0.6382066,High,0.5452628,Medium,South-Eastern Asia,South Asia,Budhism,35.3,32.6,35.9,86.1,76.6,61.2,66.3,54.4,70.2,74.6,35.0,20.0,15.5,6397,43.9,36.4,5.2,6.9,0.7,0.3,Low,27.5,No,-7,Autocracy,Non-Democracy
"Vietnam, Democratic Republic of",France,816,817,VNM,0.23830799999999996,Low,0.2377085,Medium,0.5080248,Medium,South-Eastern Asia,South Asia,NA,49.7,24.6,32.0,79.6,74.6,21.1,61.2,62.2,76.0,83.1,25.0,40.0,14.6,6172,589.7,34.8,8.2,95.5,2.1,6.8,Low,26.7,No,NA,NA,NA
Malaysia,United Kingdom,820,820,MYS,0.5879619999999999,Medium,0.5969522,High,0.6656884,High,South-Eastern Asia,South Asia,Islam,85.3,51.8,67.3,85.3,78.7,76.5,90.8,73.1,85.3,81.2,60.0,50.0,8.8,26808,847.8,46.3,10.2,31.6,3.4,2,High,10.4,No,5,Anocracy,Non-Democracy
Singapore,United Kingdom,830,830,SGP,0.38567399999999996,Medium,0.383518,Medium,0.6561286,High,South-Eastern Asia,South Asia,Budhism,97.1,87.9,91.5,90.5,90.1,80.7,95.1,90.8,84.3,90.0,85.0,80.0,21.2,85535,480,NA,11.5,5.7,2,0.7,High,23,No,-2,Anocracy,Non-Democracy
Brunei,United Kingdom,835,835,BRN,0.5416,Medium,0.34379079999999995,Medium,0.4404053,Medium,South-Eastern Asia,South Asia,Islam,62.5,40.9,39.9,85.6,61.2,100.0,76.6,90.4,76.1,89.1,65.0,50.0,NA,71809,30.8,NA,9.1,0.4,7.1,0,High,NA,NA,NA,NA,Non-Democracy
Philippines,Spain,840,840,PHL,0.23854073219701816,Low,0.8359525,High,0.3055925,Medium,South-Eastern Asia,South Asia,Christianity,49.2,38.7,37.1,78.9,89.4,97.2,62.6,57.2,80.6,76.4,60.0,60.0,8.7,7599,797.3,40.1,9.3,104.9,2.8,5,Medium,29.5,Yes,8,Democracy,Democracy
Indonesia,Netherlands,850,850,IDN,0.7351340000000001,High,0.7679988,High,0.2340266,Low,South-Eastern Asia,South Asia,Islam,48.3,44.7,39.3,83.6,89.9,90.1,49.1,48.9,74.0,80.5,35.0,60.0,7,11189,2953.7,39.5,8,264,4.3,14,Medium,19.8,Yes,9,Democracy,Democracy
East Timor,Portugal,860,860,TLS,NA,NA,0.5260933,Medium,0.4253616,Medium,South-Eastern Asia,South Asia,Christianity,6.8,29.2,10.3,64.7,65.6,20.0,72.2,63.9,77.5,80.0,45.0,20.0,NA,6570,8.5,28.7,4.5,1.3,3.4,0,Medium,32.3,Yes,8,Democracy,Democracy
Australia,United Kingdom,900,900,AUS,0.09290199999999993,Low,0.3349497,Medium,0.8210855,High,Australia and New Zealand,Western Europe and other developed countries,Christianity,81.7,74.8,92.9,63.2,59.0,84.6,89.3,84.1,86.4,86.2,80.0,90.0,14.5,44649,1098.3,34.7,12.9,24.5,5.7,3.8,High,28.7,No,10,Democracy,Democracy
Papua New Guinea,United Kingdom,910,910,PNG,0.27180000000000015,Low,0.3525709,Medium,0.5522755,Medium,Melanesia,East Asia and the Pacific,Christianity,37.7,32.7,54.0,67.8,64.5,16.7,59.8,67.4,69.8,85.4,25.0,30.0,NA,3823,31.5,41.9,4.6,8.3,2.7,0.3,Low,0,No,5,Anocracy,Democracy
New Zealand,United Kingdom,920,920,NZL,0.39685,Medium,0.16565359999999996,Low,0.811008,High,Australia and New Zealand,Western Europe and other developed countries,Christianity,96.1,89.9,88.5,70.8,46.5,97.8,91.8,86.2,90.1,87.4,80.0,80.0,17.9,36086,173,NA,12.5,4.7,4.9,0.7,High,38.3,Yes,10,Democracy,Democracy
Solomon Islands,United Kingdom,940,940,SLB,0.11102199999999984,Low,0.5254308999999999,Medium,0.6708081,High,Melanesia,East Asia and the Pacific,Christianity,39.3,33.9,41.9,62.8,34.4,99.8,68.5,70.5,81.0,83.0,15.0,30.0,NA,2206,1.3,37.1,5.5,0.6,2.1,0,Low,2,No,8,Democracy,Democracy
Fiji,United Kingdom,950,950,FJI,0.5479419999999999,Medium,0.547909,High,0.5681994,Medium,Melanesia,East Asia and the Pacific,Christianity,67.7,32.7,41.9,80.7,72.5,84.1,61.3,70.5,75.5,68.8,55.0,50.0,NA,8703,7.9,36.4,10.8,0.9,6.3,0.1,Medium,16,Yes,2,Anocracy,Democracy
